﻿<?xml version="1.0" encoding="utf-8" ?>

<root>
	<info name="State">
		<State>FALSE</State>
	</info>
	<info name="Name">
		<Name></Name>
	</info>
	<info name="Date">
		<Date></Date>
	</info>
	<info name="Item1">
		<Item1></Item1>
	</info>
	<info name="Item2">
		<Item2></Item2>
	</info>
	<info name="Item3">
		<Item3></Item3>
	</info>
	<info name="Item4">
		<Item4></Item4>
	</info>
	<info name="Item5">
		<Item5></Item5>
	</info>
	<info name="Item6">
		<Item6></Item6>
	</info>
	<info name="Item7">
		<Item7></Item7>
	</info>
	<info name="Item8">
		<Item8></Item8>
	</info>
	<info name="Item9">
		<Item9></Item9>
	</info>
	<info name="Item10">
		<Item10></Item10>
	</info>
	<info name="Item11">
		<Item11></Item11>
	</info>
	<info name="Item12">
		<Item12></Item12>
	</info>
	<info name="Item13">
		<Item13></Item13>
	</info>
	<info name="Item14">
		<Item14></Item14>
	</info>
	<info name="Item15">
		<Item15></Item15>
	</info>
	<info name="Item16">
		<Item16></Item16>
	</info>
	<info name="Item17">
		<Item17></Item17>
	</info>
	<info name="Item18">
		<Item18></Item18>
	</info>
	<info name="Item19">
		<Item19></Item19>
	</info>
	<info name="Item20">
		<Item20></Item20>
	</info>
	<info name="Item21">
		<Item21></Item21>
	</info>
	<info name="Item22">
		<Item22></Item22>
	</info>
	<info name="Item23">
		<Item23></Item23>
	</info>
	<info name="Item24">
		<Item24></Item24>
	</info>
	<info name="Item25">
		<Item25></Item25>
	</info>
	<info name="Item26">
		<Item26></Item26>
	</info>
	<info name="Item27">
		<Item27></Item27>
	</info>
	<info name="Item28">
		<Item28></Item28>
	</info>
	<info name="Item29">
		<Item29></Item29>
	</info>
	<info name="Item30">
		<Item30></Item30>
	</info>
</root>