﻿<?xml version="1.0" encoding="utf-8"?>
<root>
  <info name="State">
    <Name>TRUE</Name>
  </info>
  <info name="Name">
    <Name>Soda</Name>
  </info>
  <info name="Size">
    <Size>3</Size>
    <Size>Small</Size>
    <Size>Medium</Size>
    <Size>Large</Size>
    <Size>
    </Size>
    <Size>
    </Size>
    <Size>
    </Size>
    <Size>
    </Size>
    <Size>
    </Size>
    <Size>
    </Size>
    <Size>
    </Size>
  </info>
  <info name="Kind">
    <Kind>3</Kind>
    <Kind>Root Beer</Kind>
    <Kind>Sprite</Kind>
    <Kind>Dr. Pepper</Kind>
    <Kind>
    </Kind>
    <Kind>
    </Kind>
    <Kind>
    </Kind>
    <Kind>
    </Kind>
    <Kind>
    </Kind>
    <Kind>
    </Kind>
    <Kind>
    </Kind>
    <Kind>
    </Kind>
    <Kind>
    </Kind>
    <Kind>
    </Kind>
    <Kind>
    </Kind>
    <Kind>
    </Kind>
    <Kind>
    </Kind>
    <Kind>
    </Kind>
    <Kind>
    </Kind>
    <Kind>
    </Kind>
    <Kind>
    </Kind>
  </info>
  <info name="Add">
    <Add>2</Add>
    <Add>Ice</Add>
    <Add>Syrup</Add>
    <Add>
    </Add>
    <Add>
    </Add>
    <Add>
    </Add>
    <Add>
    </Add>
    <Add>
    </Add>
    <Add>
    </Add>
    <Add>
    </Add>
    <Add>
    </Add>
    <Add>
    </Add>
    <Add>
    </Add>
    <Add>
    </Add>
    <Add>
    </Add>
    <Add>
    </Add>
    <Add>
    </Add>
    <Add>
    </Add>
    <Add>
    </Add>
    <Add>
    </Add>
    <Add>
    </Add>
    <Add>
    </Add>
    <Add>
    </Add>
    <Add>
    </Add>
    <Add>
    </Add>
    <Add>
    </Add>
    <Add>
    </Add>
    <Add>
    </Add>
    <Add>
    </Add>
    <Add>
    </Add>
    <Add>
    </Add>
  </info>
</root>